Unnamed: 0,Unnamed: 0.1,longitude,latitude,housing_median_age,total_rooms,total_bedrooms,population,households,median_income,median_house_value,ocean_proximity
15712,15712,-122.44,37.79,52.0,1726.0,384.0,614.0,356.0,3.6812,500000.0,NEAR BAY
4119,4119,-118.2,34.14,52.0,3800.0,646.0,1842.0,620.0,5.5524,293900.0,<1H OCEAN
15725,15725,-122.44,37.78,44.0,1545.0,334.0,561.0,326.0,3.875,412500.0,NEAR BAY
14616,14616,-117.17,32.8,20.0,2827.0,554.0,1822.0,536.0,3.4706,157600.0,NEAR OCEAN
13238,13238,-117.67,34.13,10.0,2846.0,362.0,1221.0,355.0,7.7234,304100.0,INLAND
256,256,-122.21,37.77,43.0,1017.0,328.0,836.0,277.0,2.2604,100000.0,NEAR BAY
6689,6689,-118.08,34.14,45.0,2923.0,604.0,1903.0,560.0,3.1729,218700.0,INLAND
4123,4123,-118.22,34.14,50.0,3657.0,708.0,1725.0,644.0,5.5456,258100.0,<1H OCEAN
2287,2287,-119.74,36.79,28.0,2857.0,619.0,1614.0,592.0,2.1573,71400.0,INLAND
19689,19689,-121.61,39.13,21.0,1432.0,328.0,933.0,336.0,1.6823,83800.0,INLAND
13943,13943,-117.19,34.27,16.0,7961.0,1147.0,879.0,280.0,5.2146,255200.0,INLAND
7549,7549,-118.21,33.91,37.0,1073.0,265.0,1197.0,250.0,2.7109,133000.0,<1H OCEAN
13227,13227,-117.69,34.01,30.0,2598.0,573.0,2170.0,518.0,2.3,95600.0,INLAND
9386,9386,-122.45,37.9,30.0,3763.0,717.0,1292.0,632.0,8.4888,500001.0,NEAR BAY
3096,3096,-117.73,35.73,35.0,2916.0,594.0,1870.0,432.0,3.625,55000.0,INLAND
1964,1964,-120.58,38.77,21.0,1661.0,406.0,789.0,319.0,2.3583,108700.0,INLAND
13082,13082,-121.37,38.57,16.0,3895.0,896.0,1762.0,855.0,2.6635,135800.0,INLAND
9514,9514,-123.21,39.13,27.0,1531.0,266.0,822.0,234.0,4.0469,127400.0,<1H OCEAN
9790,9790,-121.84,36.25,20.0,958.0,245.0,590.0,189.0,2.6094,362500.0,NEAR OCEAN
16259,16259,-121.26,37.97,41.0,2398.0,448.0,1143.0,444.0,3.0352,69800.0,INLAND
14945,14945,-116.98,32.74,16.0,3361.0,537.0,1754.0,578.0,5.1098,162300.0,<1H OCEAN
16794,16794,-122.45,37.66,36.0,5456.0,926.0,2761.0,916.0,4.7755,280700.0,NEAR OCEAN
17641,17641,-121.9,37.25,28.0,2714.0,502.0,1389.0,490.0,5.7385,240400.0,<1H OCEAN
10959,10959,-117.9,33.75,32.0,1893.0,431.0,2245.0,426.0,3.7143,163000.0,<1H OCEAN
5084,5084,-118.29,33.98,46.0,1118.0,300.0,786.0,254.0,1.4042,110000.0,<1H OCEAN
20140,20140,-119.04,34.34,35.0,462.0,90.0,334.0,96.0,5.3582,281300.0,<1H OCEAN
10854,10854,-117.87,33.69,4.0,2337.0,768.0,983.0,655.0,3.7174,275000.0,<1H OCEAN
6326,6326,-117.96,34.0,33.0,5462.0,952.0,3527.0,914.0,4.4038,186700.0,<1H OCEAN
2355,2355,-119.68,36.77,21.0,1260.0,182.0,583.0,205.0,6.0132,150800.0,INLAND
19685,19685,-121.61,39.14,44.0,2035.0,476.0,1030.0,453.0,1.4661,65200.0,INLAND
13381,13381,-117.61,34.12,17.0,6709.0,1198.0,3954.0,1161.0,4.6997,156900.0,INLAND
15454,15454,-117.29,33.18,15.0,3780.0,792.0,1632.0,721.0,2.7644,111400.0,NEAR OCEAN
20036,20036,-118.93,36.1,19.0,2988.0,681.0,1654.0,576.0,2.3792,90000.0,INLAND
19921,19921,-119.34,36.32,14.0,1204.0,227.0,633.0,247.0,3.925,83800.0,INLAND
9505,9505,-123.21,39.18,17.0,2772.0,576.0,1501.0,584.0,2.6275,142100.0,<1H OCEAN
15062,15062,-116.96,32.8,16.0,3920.0,1094.0,2612.0,1023.0,1.3291,120800.0,<1H OCEAN
13104,13104,-121.32,38.41,17.0,4401.0,655.0,1970.0,639.0,5.8239,247500.0,INLAND
292,292,-122.16,37.77,45.0,2324.0,397.0,968.0,384.0,3.5739,176000.0,NEAR BAY
4958,4958,-118.29,34.01,42.0,814.0,223.0,511.0,188.0,2.3942,123200.0,<1H OCEAN
16903,16903,-122.36,37.59,20.0,2638.0,854.0,1352.0,718.0,3.5125,350600.0,NEAR OCEAN
784,784,-122.11,37.64,31.0,1487.0,280.0,854.0,301.0,5.2312,197600.0,NEAR BAY
718,718,-122.09,37.68,43.0,1415.0,348.0,569.0,293.0,2.5156,190900.0,NEAR BAY
10207,10207,-117.92,33.88,52.0,1270.0,276.0,609.0,211.0,3.75,232500.0,<1H OCEAN
5131,5131,-118.27,33.98,44.0,1722.0,457.0,2177.0,401.0,2.125,92500.0,<1H OCEAN
204,204,-122.23,37.78,44.0,2340.0,825.0,2813.0,751.0,1.6009,118100.0,NEAR BAY
13589,13589,-117.3,34.12,50.0,1629.0,437.0,1581.0,394.0,2.2019,63500.0,INLAND
4852,4852,-118.31,34.03,47.0,1315.0,,785.0,245.0,1.23,138400.0,<1H OCEAN
2193,2193,-119.99,36.8,45.0,1270.0,242.0,598.0,214.0,3.2813,105400.0,INLAND
16722,16722,-120.68,35.48,15.0,2608.0,525.0,1351.0,502.0,2.7798,205800.0,<1H OCEAN
15471,15471,-117.2,33.15,11.0,4091.0,864.0,1927.0,765.0,3.0139,199000.0,<1H OCEAN
2877,2877,-118.98,35.38,39.0,1497.0,383.0,1182.0,355.0,1.0648,50000.0,INLAND
18523,18523,-122.06,36.98,15.0,3385.0,669.0,1571.0,615.0,4.2254,320900.0,NEAR OCEAN
19741,19741,-122.57,39.9,15.0,3873.0,810.0,1697.0,627.0,2.4555,55600.0,INLAND
1918,1918,-120.88,38.91,15.0,3876.0,778.0,1960.0,691.0,2.9019999999999997,127300.0,INLAND
12003,12003,-117.57,33.9,7.0,3797.0,850.0,2369.0,720.0,3.5525,137600.0,INLAND
12006,12006,-117.52,33.89,2.0,17978.0,3217.0,7305.0,2463.0,5.1695,220800.0,INLAND
19452,19452,-120.94,37.68,4.0,13315.0,2424.0,6420.0,2289.0,4.2471,162100.0,INLAND
8723,8723,-118.37,33.84,35.0,1792.0,322.0,978.0,326.0,4.9583,342800.0,<1H OCEAN
19423,19423,-121.04,37.69,5.0,9601.0,1639.0,4449.0,1575.0,4.5332,195500.0,INLAND
4291,4291,-118.3,34.1,36.0,2284.0,899.0,1964.0,839.0,1.9297,203300.0,<1H OCEAN
9171,9171,-118.66,34.43,9.0,2356.0,469.0,1556.0,386.0,3.775,155000.0,INLAND
15633,15633,-122.41,37.8,52.0,1724.0,416.0,1016.0,395.0,3.3839,400000.0,NEAR BAY
6857,6857,-118.16,34.06,27.0,1675.0,274.0,785.0,275.0,5.827999999999999,301100.0,<1H OCEAN
16312,16312,-121.33,38.0,32.0,4474.0,929.0,2177.0,884.0,3.2889,98900.0,INLAND
15045,15045,-116.92,32.77,16.0,2770.0,406.0,1269.0,429.0,6.6783,275000.0,<1H OCEAN
5425,5425,-118.42,34.02,34.0,2243.0,444.0,973.0,413.0,4.9676,414100.0,<1H OCEAN
7256,7256,-118.16,34.0,37.0,1341.0,336.0,1233.0,306.0,3.6583,150500.0,<1H OCEAN
19640,19640,-120.79,37.53,20.0,1417.0,263.0,853.0,263.0,3.3083,108300.0,INLAND
2609,2609,-124.01,40.89,28.0,1470.0,336.0,811.0,314.0,2.4559,75600.0,<1H OCEAN
10500,10500,-117.69,33.47,23.0,3499.0,722.0,1480.0,634.0,3.86,300000.0,<1H OCEAN
9198,9198,-119.59,37.39,19.0,3273.0,611.0,1164.0,481.0,3.5446,106500.0,INLAND
1033,1033,-120.65,38.5,10.0,1783.0,337.0,638.0,262.0,2.65,116700.0,INLAND
9668,9668,-119.44,38.53,20.0,1963.0,434.0,682.0,273.0,1.5817,97800.0,INLAND
3960,3960,-118.6,34.21,19.0,2581.0,857.0,2004.0,784.0,2.6159,182300.0,<1H OCEAN
10890,10890,-117.86,33.73,31.0,1115.0,268.0,1369.0,259.0,3.5694,150500.0,<1H OCEAN
18754,18754,-122.36,40.69,32.0,3611.0,772.0,2060.0,759.0,1.7427,60600.0,INLAND
12857,12857,-121.38,38.67,37.0,2176.0,460.0,1067.0,357.0,2.3958,78400.0,INLAND
2091,2091,-119.78,36.75,49.0,1175.0,307.0,982.0,278.0,1.2937,52000.0,INLAND
14557,14557,-117.21,32.96,3.0,6251.0,988.0,2330.0,893.0,8.4355,467600.0,NEAR OCEAN
4936,4936,-118.27,34.0,43.0,1258.0,381.0,1276.0,358.0,1.8917,106900.0,<1H OCEAN
5824,5824,-118.29,34.18,36.0,3120.0,620.0,1441.0,612.0,3.9041,320400.0,<1H OCEAN
14991,14991,-117.03,32.73,38.0,3174.0,606.0,1557.0,619.0,3.5861,123600.0,NEAR OCEAN
9672,9672,-119.08,37.78,17.0,1631.0,335.0,285.0,128.0,2.7656,130000.0,INLAND
15535,15535,-117.14,33.12,7.0,6126.0,1032.0,2662.0,923.0,4.9005,264000.0,<1H OCEAN
17871,17871,-122.07,37.44,21.0,4599.0,986.0,2756.0,943.0,2.9817,225000.0,NEAR BAY
11541,11541,-118.02,33.76,27.0,2905.0,587.0,1781.0,561.0,4.25,214800.0,<1H OCEAN
12450,12450,-114.56,33.69,17.0,720.0,174.0,333.0,117.0,1.6509,85700.0,INLAND
1639,1639,-122.18,37.89,18.0,4845.0,735.0,1634.0,734.0,8.1489,499000.0,NEAR BAY
5647,5647,-118.29,33.74,29.0,1503.0,411.0,1368.0,390.0,2.1473,195300.0,NEAR OCEAN
16237,16237,-121.29,37.98,49.0,2501.0,565.0,1171.0,550.0,2.5043,76700.0,INLAND
16691,16691,-120.61,35.13,16.0,3431.0,721.0,1777.0,701.0,2.7301,190400.0,<1H OCEAN
470,470,-122.29,37.86,52.0,1665.0,404.0,815.0,372.0,1.9946,156900.0,NEAR BAY
3185,3185,-119.79,36.3,16.0,1717.0,277.0,903.0,289.0,4.3438,93100.0,INLAND
6635,6635,-118.16,34.15,19.0,1721.0,290.0,571.0,278.0,6.6031,500001.0,<1H OCEAN
16241,16241,-121.29,37.99,30.0,1271.0,528.0,2019.0,524.0,1.5152,81300.0,INLAND
17912,17912,-121.98,37.36,35.0,1293.0,223.0,701.0,216.0,7.8543,281900.0,<1H OCEAN
471,471,-122.28,37.86,52.0,1659.0,367.0,788.0,346.0,2.8214,164300.0,NEAR BAY
19214,19214,-122.7,38.45,26.0,2011.0,557.0,855.0,530.0,1.125,233300.0,<1H OCEAN
10090,10090,-117.97,33.93,31.0,1975.0,373.0,918.0,347.0,4.4107,202000.0,<1H OCEAN
6459,6459,-118.04,34.1,39.0,2302.0,412.0,1590.0,406.0,4.8017,273800.0,INLAND
6561,6561,-118.13,34.21,36.0,1449.0,235.0,621.0,210.0,6.1824,274100.0,INLAND
19953,19953,-119.33,36.22,29.0,1735.0,323.0,805.0,293.0,3.5039,89900.0,INLAND
6203,6203,-117.9,34.08,32.0,5482.0,1251.0,3426.0,1117.0,3.2943,204400.0,<1H OCEAN
16557,16557,-121.27,37.82,26.0,1170.0,238.0,830.0,216.0,2.6458,127500.0,INLAND
15652,15652,-122.41,37.8,52.0,3260.0,1535.0,3260.0,1457.0,0.9,500001.0,NEAR BAY
6652,6652,-118.14,34.15,17.0,1896.0,674.0,971.0,652.0,0.8438,175000.0,<1H OCEAN
7369,7369,-118.21,33.97,52.0,4220.0,908.0,3731.0,892.0,3.1901,167600.0,<1H OCEAN
15568,15568,-117.04,33.09,16.0,4677.0,581.0,1902.0,566.0,6.1834,335600.0,<1H OCEAN
1813,1813,-122.31,37.91,39.0,2955.0,696.0,1417.0,682.0,2.7628,167800.0,NEAR BAY
14304,14304,-117.14,32.71,52.0,1225.0,332.0,955.0,321.0,1.6011,106300.0,NEAR OCEAN
7159,7159,-118.16,34.04,38.0,1076.0,286.0,1535.0,323.0,2.7026,145000.0,<1H OCEAN
11938,11938,-117.41,33.94,29.0,3181.0,714.0,1603.0,706.0,3.25,112500.0,INLAND
16620,16620,-120.94,35.42,18.0,3418.0,686.0,970.0,453.0,3.7738,279400.0,NEAR OCEAN
11651,11651,-118.05,33.85,25.0,2856.0,388.0,1212.0,362.0,6.1737,313100.0,<1H OCEAN
1574,1574,-122.03,37.83,24.0,5948.0,738.0,1997.0,710.0,9.8708,500001.0,NEAR BAY
13805,13805,-117.03,34.91,27.0,2718.0,583.0,1472.0,509.0,2.825,76600.0,INLAND
18741,18741,-122.35,40.57,18.0,2226.0,490.0,859.0,451.0,1.6821,69400.0,INLAND
15710,15710,-122.44,37.79,52.0,1903.0,461.0,831.0,433.0,4.4464,500001.0,NEAR BAY
16977,16977,-122.31,37.57,31.0,2197.0,477.0,1193.0,394.0,4.6371,271100.0,NEAR OCEAN
4328,4328,-118.33,34.08,50.0,2989.0,832.0,1345.0,775.0,3.2426,442900.0,<1H OCEAN
1465,1465,-121.97,37.95,8.0,4253.0,709.0,1883.0,662.0,5.431,246700.0,INLAND
12770,12770,-121.42,38.63,42.0,1385.0,273.0,740.0,274.0,2.6055,78000.0,INLAND
4812,4812,-118.37,34.02,44.0,1944.0,458.0,981.0,377.0,2.6154,193200.0,<1H OCEAN
17041,17041,-122.28,37.51,33.0,4719.0,,1980.0,757.0,6.1064,405000.0,NEAR OCEAN
16606,16606,-120.67,35.62,6.0,12779.0,2441.0,6085.0,2157.0,3.8661,168100.0,<1H OCEAN
19568,19568,-120.95,37.6,35.0,1493.0,278.0,729.0,268.0,2.9821,97400.0,INLAND
19887,19887,-119.12,36.29,29.0,1638.0,323.0,942.0,322.0,2.1731,66200.0,INLAND
18175,18175,-122.01,37.35,16.0,3716.0,916.0,1551.0,759.0,4.5,323600.0,<1H OCEAN
5252,5252,-118.47,34.1,32.0,8041.0,1141.0,2768.0,1106.0,11.1978,500001.0,<1H OCEAN
2495,2495,-120.22,36.49,14.0,1508.0,347.0,1679.0,345.0,2.4786,56000.0,INLAND
6225,6225,-117.93,34.05,32.0,3055.0,623.0,1902.0,565.0,4.2926,190700.0,<1H OCEAN
20400,20400,-118.85,34.21,25.0,1328.0,209.0,691.0,228.0,4.9234,241400.0,<1H OCEAN
15048,15048,-116.95,32.77,25.0,3308.0,421.0,1201.0,414.0,6.3191,303400.0,<1H OCEAN
2313,2313,-119.7,36.94,15.0,1449.0,277.0,649.0,265.0,2.4861,86300.0,INLAND
13201,13201,-117.7,34.06,7.0,732.0,145.0,431.0,132.0,2.9107,95300.0,INLAND
1213,1213,-120.54,38.07,37.0,736.0,148.0,339.0,140.0,2.2875,79900.0,INLAND
16298,16298,-121.22,37.96,31.0,1484.0,314.0,1163.0,336.0,2.625,72100.0,INLAND
20121,20121,-120.45,37.79,8.0,2687.0,495.0,5087.0,385.0,3.1719,115400.0,INLAND
12078,12078,-117.52,33.84,20.0,688.0,146.0,575.0,144.0,3.55,111000.0,INLAND
16245,16245,-121.26,37.98,32.0,3274.0,820.0,2050.0,738.0,2.1265,55700.0,INLAND
16001,16001,-122.45,37.75,36.0,2303.0,381.0,862.0,371.0,6.0274,349000.0,NEAR BAY
10160,10160,-117.96,33.9,10.0,2423.0,356.0,1213.0,347.0,6.5635,346900.0,<1H OCEAN
19209,19209,-122.71,38.46,42.0,1574.0,376.0,844.0,369.0,2.314,169400.0,<1H OCEAN
16171,16171,-122.5,37.79,52.0,8.0,1.0,13.0,1.0,15.0001,500001.0,NEAR BAY
2530,2530,-122.2,39.52,39.0,2551.0,482.0,1181.0,437.0,2.0625,63400.0,INLAND
9047,9047,-118.09,34.71,5.0,5807.0,1182.0,2602.0,1007.0,2.4012,159400.0,INLAND
16187,16187,-121.3,37.96,24.0,1212.0,366.0,1202.0,343.0,1.7875,76800.0,INLAND
15743,15743,-122.43,37.78,29.0,1310.0,364.0,1009.0,379.0,1.3844,177500.0,NEAR BAY
3856,3856,-118.43,34.17,33.0,1679.0,404.0,933.0,412.0,2.6979,266000.0,<1H OCEAN
5514,5514,-118.4,33.99,39.0,1613.0,380.0,1113.0,356.0,2.825,276700.0,<1H OCEAN
9551,9551,-120.88,37.37,24.0,1294.0,222.0,684.0,221.0,2.6908,103100.0,INLAND
13956,13956,-117.06,34.17,21.0,2520.0,582.0,416.0,151.0,2.7119999999999997,89000.0,INLAND
9553,9553,-120.64,37.38,21.0,3157.0,637.0,2268.0,620.0,2.5669999999999997,70400.0,INLAND
8426,8426,-118.35,33.92,24.0,2728.0,845.0,2023.0,773.0,2.75,239700.0,<1H OCEAN
20265,20265,-119.19,34.21,34.0,3413.0,693.0,2223.0,651.0,3.8239,208200.0,NEAR OCEAN
9750,9750,-121.69,36.62,19.0,1907.0,323.0,681.0,270.0,6.0332,244900.0,<1H OCEAN
16936,16936,-122.32,37.56,49.0,2016.0,299.0,691.0,288.0,5.5489999999999995,500001.0,NEAR OCEAN
472,472,-122.29,37.87,52.0,2225.0,460.0,1145.0,430.0,2.6165,150000.0,NEAR BAY
11810,11810,-121.07,38.92,15.0,5301.0,884.0,2335.0,831.0,4.515,164000.0,INLAND
12662,12662,-121.42,38.5,24.0,7740.0,1539.0,4333.0,1397.0,3.025,87900.0,INLAND
12872,12872,-121.35,38.7,5.0,14414.0,2979.0,7608.0,2832.0,3.5802,129600.0,INLAND
10579,10579,-117.69,33.64,16.0,2592.0,372.0,1279.0,383.0,6.9741,262000.0,<1H OCEAN
18296,18296,-122.12,37.39,34.0,3561.0,497.0,1336.0,501.0,8.9172,500001.0,NEAR BAY
11886,11886,-117.37,33.99,44.0,917.0,224.0,666.0,220.0,1.685,114200.0,INLAND
2561,2561,-124.15,40.8,47.0,1486.0,335.0,765.0,329.0,1.755,74100.0,NEAR OCEAN
524,524,-122.23,37.77,52.0,772.0,179.0,409.0,160.0,3.3214,189600.0,NEAR BAY
2623,2623,-124.07,40.81,23.0,2103.0,411.0,1019.0,387.0,2.9911,119700.0,NEAR OCEAN
19722,19722,-121.76,38.94,48.0,540.0,110.0,234.0,74.0,3.6111,67500.0,INLAND
2231,2231,-119.78,36.84,7.0,4907.0,1075.0,2014.0,909.0,3.2147,111900.0,INLAND
16073,16073,-122.49,37.75,52.0,2226.0,385.0,1177.0,416.0,4.8516,323800.0,NEAR OCEAN
11829,11829,-120.87,39.18,25.0,2691.0,598.0,964.0,373.0,3.9196,142700.0,INLAND
11384,11384,-117.95,33.66,26.0,1787.0,227.0,639.0,224.0,6.8226,329800.0,<1H OCEAN
11383,11383,-117.95,33.67,25.0,1799.0,233.0,810.0,265.0,8.289,372400.0,<1H OCEAN
16898,16898,-122.37,37.58,52.0,1900.0,290.0,665.0,276.0,4.5486,500001.0,NEAR OCEAN
18081,18081,-122.03,37.27,25.0,4460.0,553.0,1608.0,561.0,10.7958,500001.0,<1H OCEAN
10508,10508,-117.68,33.52,5.0,3621.0,632.0,1546.0,567.0,5.752999999999999,322800.0,<1H OCEAN
20129,20129,-118.93,34.4,17.0,3275.0,599.0,2422.0,637.0,3.7092,190500.0,<1H OCEAN
19412,19412,-121.01,37.74,14.0,2368.0,297.0,796.0,301.0,8.7783,435000.0,INLAND
1154,1154,-121.49,39.52,25.0,848.0,153.0,436.0,155.0,3.9028,93800.0,INLAND
13720,13720,-117.18,34.07,28.0,1306.0,279.0,885.0,255.0,2.1154,75300.0,INLAND
16513,16513,-121.22,37.81,17.0,2879.0,542.0,1802.0,530.0,3.6378,126100.0,INLAND
13510,13510,-117.34,34.13,29.0,331.0,85.0,341.0,107.0,0.7069,70300.0,INLAND
5434,5434,-118.42,34.01,33.0,2731.0,535.0,1280.0,510.0,4.7083,420100.0,<1H OCEAN
6313,6313,-117.98,34.02,33.0,3512.0,632.0,1971.0,598.0,4.4653,193200.0,<1H OCEAN
11493,11493,-117.99,33.69,12.0,2480.0,858.0,1441.0,788.0,1.6705,350000.0,<1H OCEAN
17439,17439,-120.45,34.63,32.0,1840.0,309.0,828.0,333.0,4.5486,172400.0,NEAR OCEAN
10906,10906,-117.85,33.74,19.0,1248.0,357.0,1214.0,328.0,2.7059,159800.0,<1H OCEAN
10068,10068,-120.17,39.33,18.0,1046.0,204.0,486.0,179.0,4.119,110900.0,INLAND
11355,11355,-117.93,33.74,15.0,1206.0,282.0,677.0,270.0,3.9219,142600.0,<1H OCEAN
19358,19358,-123.02,38.81,45.0,1717.0,389.0,916.0,367.0,3.2425,138800.0,<1H OCEAN
19487,19487,-120.99,37.67,28.0,1768.0,423.0,1066.0,392.0,1.8315,90500.0,INLAND
15421,15421,-117.28,33.2,11.0,1472.0,261.0,1012.0,285.0,4.21,175600.0,NEAR OCEAN
6686,6686,-118.07,34.15,45.0,1095.0,237.0,672.0,234.0,3.4087,209200.0,INLAND
7835,7835,-118.15,33.91,35.0,574.0,116.0,610.0,147.0,3.3182,133300.0,<1H OCEAN
10503,10503,-117.69,33.47,19.0,2595.0,621.0,1728.0,571.0,3.668,243800.0,<1H OCEAN
1119,1119,-121.57,39.78,18.0,2221.0,459.0,952.0,440.0,2.0458,105700.0,INLAND
16574,16574,-121.42,37.75,33.0,1329.0,266.0,683.0,233.0,4.3687,128700.0,INLAND
13999,13999,-116.9,34.69,10.0,337.0,102.0,108.0,50.0,0.4999,55000.0,INLAND
12545,12545,-121.5,38.55,49.0,4094.0,634.0,1363.0,659.0,5.2362,236800.0,INLAND
20481,20481,-118.7,34.28,27.0,727.0,136.0,467.0,144.0,3.7188,250000.0,<1H OCEAN
7734,7734,-118.15,33.93,30.0,3096.0,,1676.0,587.0,4.6583,207300.0,<1H OCEAN
3342,3342,-122.62,38.73,21.0,1425.0,,727.0,287.0,2.1474,85300.0,INLAND
1243,1243,-122.13,39.0,23.0,3832.0,,2435.0,747.0,2.2754,59200.0,INLAND
7573,7573,-118.21,33.9,43.0,1810.0,,1335.0,358.0,3.1189,118800.0,<1H OCEAN
8540,8540,-118.36,33.89,27.0,2837.0,,2141.0,648.0,3.1325,215000.0,<1H OCEAN
18642,18642,-121.99,36.98,25.0,2113.0,,1365.0,439.0,4.6484,234600.0,NEAR OCEAN
1821,1821,-122.29,37.92,35.0,583.0,,235.0,84.0,5.943,288200.0,NEAR BAY
16426,16426,-121.42,38.22,35.0,1507.0,,868.0,283.0,2.0284,96300.0,INLAND
9437,9437,-119.95,37.47,32.0,1312.0,,600.0,265.0,1.5,91500.0,INLAND
8382,8382,-118.36,33.96,25.0,1849.0,,1498.0,451.0,2.8378,170000.0,<1H OCEAN
11378,11378,-117.95,33.69,26.0,1417.0,,817.0,261.0,4.875,230400.0,<1H OCEAN
17702,17702,-121.83,37.32,17.0,1887.0,,1906.0,597.0,2.5652,165300.0,<1H OCEAN
5600,5600,-118.27,33.79,39.0,1513.0,,1227.0,354.0,3.3929,184600.0,<1H OCEAN
17471,17471,-119.81,34.46,22.0,3488.0,,1479.0,458.0,7.1687,384400.0,NEAR OCEAN
4183,4183,-118.23,34.13,48.0,737.0,,462.0,131.0,3.5893,212500.0,<1H OCEAN
234,234,-122.19,37.79,28.0,3144.0,,1737.0,669.0,2.9297,140500.0,NEAR BAY
6036,6036,-117.73,34.06,34.0,344.0,,315.0,119.0,3.1786,117800.0,INLAND
11054,11054,-117.86,33.78,25.0,2635.0,,1710.0,634.0,3.125,215000.0,<1H OCEAN
4716,4716,-118.38,34.06,28.0,2522.0,,991.0,574.0,3.1475,362500.0,<1H OCEAN
2544,2544,-124.16,40.78,50.0,2285.0,,837.0,353.0,2.5417,85400.0,NEAR OCEAN
593,593,-122.09,37.7,30.0,1751.0,,731.0,263.0,6.005,263900.0,NEAR BAY
20393,20393,-118.88,34.22,16.0,2343.0,,2007.0,383.0,5.756,302700.0,<1H OCEAN
11997,11997,-117.55,33.94,30.0,5398.0,,2672.0,864.0,4.4762,163900.0,INLAND
8322,8322,-118.3,33.95,41.0,2057.0,,1805.0,506.0,1.2455,100800.0,<1H OCEAN
7111,7111,-118.02,33.9,34.0,2678.0,,1540.0,497.0,4.4954,202900.0,<1H OCEAN
12773,12773,-121.43,38.62,36.0,1765.0,,1008.0,382.0,2.0639,73000.0,INLAND
10996,10996,-117.83,33.74,23.0,6114.0,,4088.0,1521.0,3.0382,183600.0,<1H OCEAN
14426,14426,-117.25,32.8,32.0,1601.0,,731.0,429.0,2.5568,258300.0,NEAR OCEAN
137,137,-122.19,37.82,32.0,1835.0,,635.0,263.0,8.317,365900.0,NEAR BAY
13442,13442,-117.43,34.09,18.0,3172.0,,1621.0,573.0,2.7437,120200.0,INLAND
18016,18016,-121.97,37.26,19.0,2174.0,,998.0,426.0,4.6827,255100.0,<1H OCEAN
7778,7778,-118.08,33.91,30.0,3259.0,,2744.0,895.0,2.8608,165600.0,<1H OCEAN
12127,12127,-117.25,33.92,7.0,9812.0,,5595.0,1729.0,4.1482,124600.0,INLAND
18712,18712,-122.45,40.61,17.0,785.0,,417.0,136.0,2.3289,58200.0,INLAND
11163,11163,-118.0,33.83,24.0,2578.0,,1217.0,529.0,2.2401,212500.0,<1H OCEAN
19272,19272,-122.76,38.44,11.0,2895.0,,1633.0,534.0,4.7283,170200.0,<1H OCEAN
6593,6593,-118.18,34.17,43.0,4269.0,,1467.0,582.0,9.0702,500001.0,<1H OCEAN
7635,7635,-118.29,33.83,24.0,4092.0,,2819.0,893.0,4.1378,216500.0,<1H OCEAN
14218,14218,-117.05,32.68,19.0,1469.0,,1010.0,292.0,3.5664,150400.0,NEAR OCEAN
10644,10644,-117.81,33.56,24.0,6258.0,,1730.0,752.0,10.9601,500001.0,<1H OCEAN
1842,1842,-122.29,37.91,40.0,2085.0,,796.0,339.0,5.5357,273700.0,NEAR BAY
1163,1163,-121.55,39.51,39.0,1551.0,,684.0,310.0,2.0357,57600.0,INLAND
13017,13017,-121.2,38.7,28.0,2970.0,,1379.0,463.0,4.3214,131700.0,INLAND
6351,6351,-117.94,34.14,33.0,1620.0,,868.0,275.0,5.4110000000000005,219400.0,INLAND
16576,16576,-121.43,37.75,41.0,1717.0,,855.0,303.0,2.75,127300.0,INLAND
8388,8388,-118.37,33.97,26.0,6672.0,,3333.0,1557.0,2.9646,179800.0,<1H OCEAN
19943,19943,-119.36,36.22,10.0,2445.0,,1262.0,476.0,1.9355,68300.0,INLAND
10461,10461,-117.65,33.46,19.0,7034.0,,2824.0,1068.0,6.0873,277300.0,<1H OCEAN
11745,11745,-121.14,38.77,15.0,10282.0,,3868.0,1300.0,6.4789,287800.0,INLAND
17847,17847,-121.88,37.41,23.0,3224.0,,2183.0,655.0,4.3807,226900.0,<1H OCEAN
7253,7253,-118.14,34.01,36.0,702.0,210.0,834.0,216.0,2.25,162500.0,<1H OCEAN
4424,4424,-118.25,34.06,20.0,41.0,17.0,87.0,25.0,1.5491,225000.0,<1H OCEAN
1552,1552,-121.97,37.79,17.0,5688.0,824.0,2111.0,773.0,6.6131,312500.0,<1H OCEAN
5403,5403,-118.43,34.03,36.0,1552.0,388.0,867.0,352.0,3.6467,346700.0,<1H OCEAN
17279,17279,-119.75,34.4,31.0,1997.0,299.0,826.0,301.0,6.8927,500001.0,NEAR OCEAN
17103,17103,-122.23,37.45,34.0,4177.0,723.0,1586.0,660.0,5.0457,395100.0,NEAR OCEAN
7993,7993,-118.15,33.85,30.0,4071.0,1067.0,2144.0,970.0,2.7268,218100.0,<1H OCEAN
19536,19536,-120.93,37.65,1.0,2254.0,328.0,402.0,112.0,4.25,189200.0,INLAND
14049,14049,-117.13,32.76,27.0,2280.0,695.0,1235.0,664.0,1.9392,142900.0,NEAR OCEAN
1925,1925,-120.5,38.87,10.0,81.0,41.0,55.0,16.0,4.9583,87500.0,INLAND
6680,6680,-118.09,34.15,46.0,271.0,74.0,150.0,55.0,2.2321,237500.0,INLAND
7103,7103,-118.0,33.89,34.0,1932.0,315.0,1053.0,316.0,5.1377,213300.0,<1H OCEAN
4101,4101,-118.38,34.14,42.0,1253.0,225.0,492.0,224.0,7.7112,386700.0,<1H OCEAN
19093,19093,-122.61,38.25,18.0,2915.0,418.0,1340.0,421.0,5.2452,204900.0,<1H OCEAN
9249,9249,-120.08,36.97,13.0,3356.0,589.0,1458.0,601.0,3.8257,94200.0,INLAND
4622,4622,-118.32,34.07,52.0,2980.0,366.0,967.0,359.0,11.2185,500001.0,<1H OCEAN
4796,4796,-118.35,34.03,43.0,2122.0,524.0,1510.0,436.0,2.2273,123300.0,<1H OCEAN
240,240,-122.21,37.78,46.0,2239.0,508.0,1390.0,569.0,2.7352,137300.0,NEAR BAY
18421,18421,-121.81,37.26,14.0,3379.0,683.0,1465.0,620.0,4.0547,236200.0,<1H OCEAN
30,30,-122.28,37.84,49.0,1916.0,447.0,863.0,378.0,1.9274,122300.0,NEAR BAY
8024,8024,-118.11,33.84,36.0,1074.0,188.0,496.0,196.0,4.625,217400.0,<1H OCEAN
4425,4425,-118.24,34.07,27.0,223.0,80.0,249.0,82.0,1.6136,137500.0,<1H OCEAN
10361,10361,-117.66,33.57,16.0,4277.0,565.0,1642.0,549.0,8.0082,286600.0,<1H OCEAN
13173,13173,-121.34,36.76,15.0,2638.0,429.0,1289.0,357.0,4.1528,336800.0,INLAND
19735,19735,-121.8,40.34,26.0,4815.0,910.0,1341.0,539.0,2.8810000000000002,79800.0,INLAND
987,987,-121.82,37.73,47.0,127.0,23.0,51.0,21.0,4.3472,375000.0,INLAND
11147,11147,-117.98,33.84,35.0,984.0,179.0,661.0,199.0,5.0747,189600.0,<1H OCEAN
16448,16448,-121.27,38.14,33.0,3557.0,894.0,2659.0,894.0,2.2883,86900.0,INLAND
8131,8131,-118.12,33.83,45.0,1579.0,278.0,687.0,285.0,5.0424,225900.0,<1H OCEAN
16283,16283,-121.29,37.93,24.0,1438.0,351.0,1294.0,342.0,2.7829,61800.0,INLAND
4216,4216,-118.27,34.11,36.0,1832.0,539.0,934.0,486.0,3.0521,276600.0,<1H OCEAN
7226,7226,-118.16,34.02,42.0,814.0,216.0,773.0,208.0,2.5313,156900.0,<1H OCEAN
294,294,-122.17,37.77,39.0,1612.0,342.0,912.0,322.0,3.3958,141900.0,NEAR BAY
16645,16645,-120.65,35.29,29.0,1785.0,481.0,1344.0,472.0,1.4492,222900.0,NEAR OCEAN
11505,11505,-118.11,33.75,15.0,2569.0,812.0,785.0,477.0,5.4011,346400.0,NEAR OCEAN
8278,8278,-118.16,33.78,29.0,3684.0,1301.0,3891.0,1143.0,1.6955,179700.0,NEAR OCEAN
19083,19083,-122.48,38.32,42.0,2106.0,533.0,1141.0,445.0,3.1129,149300.0,<1H OCEAN
19242,19242,-122.78,38.52,23.0,2511.0,549.0,1052.0,527.0,2.4922,192000.0,<1H OCEAN
7749,7749,-118.15,33.92,36.0,1890.0,400.0,1232.0,386.0,4.375,184200.0,<1H OCEAN
18602,18602,-122.1,37.19,18.0,808.0,136.0,420.0,145.0,7.1831,273300.0,NEAR OCEAN
7547,7547,-118.2,33.92,45.0,1283.0,,1025.0,248.0,3.2798,141200.0,<1H OCEAN
19120,19120,-122.64,38.24,52.0,1621.0,393.0,635.0,349.0,2.5202,244000.0,<1H OCEAN
13473,13473,-117.37,34.07,52.0,50.0,9.0,60.0,16.0,4.125,262500.0,INLAND
5129,5129,-118.27,33.98,45.0,1696.0,424.0,1502.0,429.0,1.3042,99200.0,<1H OCEAN
8252,8252,-118.17,33.78,44.0,2364.0,746.0,3184.0,672.0,1.9180000000000001,147500.0,NEAR OCEAN
15514,15514,-117.06,33.17,4.0,5465.0,974.0,2844.0,950.0,4.4477,174800.0,<1H OCEAN
6925,6925,-118.07,34.01,36.0,1391.0,283.0,1025.0,275.0,3.2375,176800.0,<1H OCEAN
8009,8009,-118.11,33.86,36.0,2750.0,487.0,1386.0,458.0,4.9904,221700.0,<1H OCEAN
3178,3178,-119.79,36.32,19.0,3252.0,614.0,1971.0,607.0,3.0667,75800.0,INLAND
17776,17776,-121.84,37.38,34.0,762.0,182.0,611.0,193.0,3.5625,201800.0,<1H OCEAN
12609,12609,-121.49,38.51,30.0,3166.0,607.0,1857.0,579.0,3.1768,79500.0,INLAND
19174,19174,-122.65,38.4,21.0,1059.0,150.0,400.0,154.0,6.8586,343100.0,<1H OCEAN
16867,16867,-122.38,37.6,33.0,2577.0,590.0,1867.0,566.0,3.3632,265100.0,NEAR OCEAN
17800,17800,-121.81,37.37,24.0,962.0,146.0,492.0,155.0,7.2861,328000.0,<1H OCEAN
19106,19106,-122.63,38.26,7.0,7808.0,1390.0,3551.0,1392.0,4.6069,202300.0,<1H OCEAN
5458,5458,-118.46,34.0,39.0,614.0,174.0,538.0,159.0,2.3542,235700.0,<1H OCEAN
2498,2498,-120.51,36.55,20.0,1193.0,263.0,1274.0,241.0,1.9417,38800.0,INLAND
10750,10750,-117.89,33.61,16.0,2413.0,559.0,656.0,423.0,6.3017,350000.0,<1H OCEAN
14313,14313,-117.13,32.7,35.0,365.0,98.0,463.0,112.0,2.5588,78800.0,NEAR OCEAN
5164,5164,-118.29,33.95,40.0,2808.0,695.0,2357.0,627.0,1.9655,102300.0,<1H OCEAN
3852,3852,-118.44,34.17,25.0,4966.0,1134.0,1941.0,958.0,3.8081,286700.0,<1H OCEAN
7960,7960,-118.18,33.88,42.0,2326.0,503.0,1832.0,501.0,3.1713,161000.0,<1H OCEAN
9700,9700,-121.62,36.67,31.0,2697.0,690.0,2220.0,665.0,2.5329,135200.0,<1H OCEAN
12625,12625,-121.54,38.49,6.0,9104.0,1535.0,3759.0,1481.0,5.1442,174500.0,INLAND
13356,13356,-117.6,34.03,16.0,1499.0,232.0,918.0,239.0,5.5677,175400.0,INLAND
8973,8973,-118.41,34.0,37.0,1426.0,259.0,689.0,261.0,5.5284,331000.0,<1H OCEAN
17832,17832,-121.86,37.41,16.0,2938.0,589.0,1718.0,568.0,5.5073,178900.0,<1H OCEAN
591,591,-122.09,37.7,31.0,2053.0,336.0,867.0,329.0,4.3375,241800.0,NEAR BAY
18707,18707,-122.4,40.58,40.0,3895.0,929.0,1782.0,910.0,1.3329,78200.0,INLAND
4250,4250,-118.35,34.1,26.0,3977.0,1050.0,1720.0,935.0,3.358,364500.0,<1H OCEAN
226,226,-122.21,37.8,48.0,1321.0,263.0,506.0,252.0,4.0977,229700.0,NEAR BAY
8857,8857,-118.39,34.07,45.0,3143.0,553.0,1153.0,564.0,5.7762,500001.0,<1H OCEAN
20098,20098,-120.28,37.9,17.0,1047.0,212.0,530.0,196.0,2.1538,153300.0,INLAND
11591,11591,-118.03,33.78,25.0,3554.0,528.0,1600.0,537.0,6.6453,270100.0,<1H OCEAN
20263,20263,-119.19,34.21,27.0,1887.0,487.0,1339.0,428.0,2.9185,224500.0,NEAR OCEAN
4049,4049,-118.54,34.15,26.0,10111.0,1295.0,3599.0,1257.0,10.2292,500001.0,<1H OCEAN
15240,15240,-117.24,33.0,16.0,2512.0,356.0,795.0,353.0,7.5975,369100.0,NEAR OCEAN
11062,11062,-117.86,33.8,35.0,1683.0,347.0,1242.0,335.0,3.5172,190400.0,<1H OCEAN
9442,9442,-120.02,37.72,17.0,2806.0,600.0,990.0,410.0,2.3818,88100.0,INLAND
702,702,-122.02,37.63,6.0,2445.0,590.0,1189.0,573.0,3.8958,301100.0,NEAR BAY
4612,4612,-118.29,34.07,22.0,492.0,269.0,634.0,261.0,1.6406,300000.0,<1H OCEAN
16332,16332,-121.34,38.03,20.0,4213.0,751.0,2071.0,714.0,4.4063,130800.0,INLAND
7821,7821,-118.12,33.91,36.0,1432.0,265.0,749.0,261.0,3.5772,207400.0,<1H OCEAN
6750,6750,-118.08,34.11,42.0,1969.0,353.0,927.0,354.0,5.5924,285300.0,<1H OCEAN
18878,18878,-122.24,38.07,13.0,5451.0,1194.0,2957.0,1081.0,2.6098,162500.0,NEAR BAY
9711,9711,-121.66,36.67,40.0,2497.0,520.0,1275.0,508.0,3.1071,193100.0,<1H OCEAN
18046,18046,-122.0,37.23,36.0,3191.0,430.0,1234.0,440.0,9.0704,500001.0,<1H OCEAN
550,550,-122.26,37.77,52.0,1565.0,315.0,637.0,297.0,4.7778,351800.0,NEAR BAY
14108,14108,-117.11,32.75,20.0,1667.0,469.0,1292.0,445.0,2.0893,101100.0,NEAR OCEAN
11525,11525,-118.05,33.72,22.0,5416.0,1271.0,2260.0,1184.0,3.8038,174500.0,<1H OCEAN
11356,11356,-117.93,33.74,30.0,1654.0,434.0,1843.0,467.0,3.1403,153000.0,<1H OCEAN
12384,12384,-116.39,33.72,19.0,7646.0,1618.0,2496.0,1075.0,3.5569,128000.0,INLAND
19143,19143,-122.69,38.34,23.0,2846.0,516.0,1526.0,492.0,3.733,163500.0,<1H OCEAN
1165,1165,-121.55,39.51,50.0,1050.0,288.0,485.0,260.0,1.1607,51700.0,INLAND
8538,8538,-118.36,33.89,34.0,760.0,174.0,723.0,198.0,5.3169,227600.0,<1H OCEAN
5401,5401,-118.42,34.03,44.0,904.0,176.0,358.0,158.0,3.3542,344200.0,<1H OCEAN
14724,14724,-117.01,32.8,17.0,1042.0,210.0,650.0,215.0,3.1,84200.0,<1H OCEAN
14548,14548,-117.25,32.94,15.0,1804.0,339.0,673.0,296.0,5.9806,370500.0,NEAR OCEAN
4277,4277,-118.31,34.09,34.0,2065.0,839.0,2626.0,775.0,1.8214,211100.0,<1H OCEAN
14090,14090,-117.1,32.76,30.0,1835.0,474.0,934.0,415.0,2.875,139600.0,NEAR OCEAN
6573,6573,-118.16,34.19,40.0,1840.0,358.0,1218.0,347.0,4.25,177900.0,<1H OCEAN
13951,13951,-117.13,34.24,17.0,2828.0,506.0,673.0,274.0,5.2563,144100.0,INLAND
8825,8825,-118.36,34.09,33.0,3463.0,1170.0,1845.0,1134.0,2.0205,243800.0,<1H OCEAN
6890,6890,-118.1,34.05,31.0,3559.0,734.0,2975.0,715.0,3.7560000000000002,183300.0,<1H OCEAN
19392,19392,-120.85,37.77,35.0,404.0,96.0,261.0,100.0,2.4583,75000.0,INLAND
1200,1200,-121.7,39.36,46.0,1210.0,243.0,523.0,242.0,1.91,63900.0,INLAND
9915,9915,-122.31,38.33,21.0,1922.0,344.0,1051.0,342.0,3.6042,183300.0,NEAR BAY
15597,15597,-116.45,32.65,22.0,2680.0,643.0,1644.0,516.0,2.1949,127100.0,INLAND
11077,11077,-117.85,33.8,34.0,1593.0,283.0,872.0,255.0,3.825,216700.0,<1H OCEAN
3982,3982,-118.63,34.19,32.0,3568.0,591.0,1741.0,563.0,5.1529,259600.0,<1H OCEAN
20144,20144,-119.05,34.35,39.0,950.0,300.0,1366.0,312.0,2.2443,146600.0,<1H OCEAN
18763,18763,-122.32,40.71,18.0,2879.0,578.0,1399.0,586.0,2.4036,105400.0,INLAND
10351,10351,-117.68,33.63,16.0,5218.0,1187.0,2701.0,1125.0,3.929,143100.0,<1H OCEAN
5447,5447,-118.42,34.01,42.0,1594.0,369.0,952.0,362.0,3.0989999999999998,335400.0,<1H OCEAN
2635,2635,-124.16,40.6,39.0,1322.0,283.0,642.0,292.0,2.4519,85100.0,NEAR OCEAN
17354,17354,-120.43,34.89,28.0,2862.0,478.0,1384.0,463.0,4.6694,158200.0,<1H OCEAN
4051,4051,-118.43,34.15,28.0,6270.0,1706.0,2549.0,1497.0,3.2241,295800.0,<1H OCEAN
13552,13552,-117.31,34.11,52.0,851.0,190.0,731.0,190.0,1.9044,64900.0,INLAND
5331,5331,-118.46,34.04,19.0,3522.0,1036.0,1820.0,977.0,3.2663,337500.0,<1H OCEAN
15423,15423,-117.26,33.2,13.0,3163.0,725.0,1675.0,629.0,2.8214,121900.0,<1H OCEAN
10229,10229,-117.93,33.86,36.0,931.0,279.0,778.0,303.0,2.6563,155000.0,<1H OCEAN
13435,13435,-117.44,34.1,43.0,1614.0,400.0,926.0,349.0,2.075,95100.0,INLAND
6930,6930,-118.08,34.02,14.0,3789.0,810.0,2551.0,793.0,2.9321,144200.0,<1H OCEAN
5958,5958,-117.82,34.12,26.0,3118.0,528.0,1546.0,545.0,5.27,209400.0,INLAND
17580,17580,-121.93,37.31,26.0,2182.0,704.0,1638.0,704.0,2.8981,229800.0,<1H OCEAN
11500,11500,-118.04,33.72,15.0,1836.0,490.0,942.0,477.0,4.0238,182500.0,<1H OCEAN
15167,15167,-117.05,32.95,17.0,4814.0,1091.0,3013.0,1078.0,3.2369,167800.0,<1H OCEAN
15868,15868,-122.41,37.76,52.0,3452.0,784.0,2987.0,753.0,2.8135,260300.0,NEAR BAY
13604,13604,-117.26,34.16,31.0,3538.0,658.0,1715.0,663.0,3.7125,98000.0,INLAND
3439,3439,-118.41,34.27,38.0,858.0,203.0,1250.0,204.0,2.9219,137900.0,<1H OCEAN
7845,7845,-118.18,33.9,34.0,1248.0,320.0,1960.0,338.0,3.1012,140400.0,<1H OCEAN
19204,19204,-122.71,38.44,52.0,988.0,283.0,475.0,242.0,1.3684,258300.0,<1H OCEAN
8015,8015,-118.1,33.83,37.0,2059.0,349.0,825.0,334.0,4.0603,225200.0,<1H OCEAN
1035,1035,-120.88,38.45,25.0,1374.0,297.0,657.0,288.0,2.5476,97900.0,INLAND
7497,7497,-118.25,33.93,42.0,763.0,191.0,754.0,174.0,2.0486,101800.0,<1H OCEAN
20423,20423,-119.0,34.08,17.0,1822.0,438.0,578.0,291.0,5.4346,428600.0,NEAR OCEAN
3607,3607,-118.46,34.23,20.0,4609.0,1499.0,5349.0,1377.0,2.7121,169400.0,<1H OCEAN
12316,12316,-116.6,33.49,16.0,3730.0,827.0,1346.0,592.0,2.1830000000000003,113500.0,INLAND
5339,5339,-118.45,34.03,45.0,727.0,168.0,520.0,175.0,2.6528,300000.0,<1H OCEAN
19855,19855,-119.45,36.35,22.0,1824.0,333.0,1076.0,282.0,2.3365,69600.0,INLAND
3546,3546,-118.62,34.26,15.0,10860.0,1653.0,4178.0,1581.0,6.3249,262100.0,<1H OCEAN
9268,9268,-122.49,38.1,43.0,1226.0,244.0,491.0,205.0,4.9286,307000.0,NEAR BAY
16517,16517,-121.21,37.8,31.0,699.0,186.0,460.0,170.0,2.7443,94200.0,INLAND
3512,3512,-118.47,34.26,35.0,1898.0,344.0,1123.0,347.0,5.5792,218400.0,<1H OCEAN
889,889,-121.95,37.55,21.0,10687.0,1540.0,4552.0,1520.0,6.6478,333400.0,<1H OCEAN
15292,15292,-117.29,33.1,6.0,6091.0,1018.0,2064.0,957.0,5.1837,259800.0,NEAR OCEAN
11636,11636,-118.03,33.83,25.0,3030.0,532.0,1668.0,509.0,4.625,229600.0,<1H OCEAN
1550,1550,-121.93,37.74,16.0,3326.0,419.0,1272.0,402.0,6.8806,343500.0,<1H OCEAN
10140,10140,-117.89,33.92,14.0,1562.0,373.0,609.0,328.0,2.3935,125000.0,<1H OCEAN
6445,6445,-118.04,34.11,44.0,773.0,120.0,405.0,121.0,5.0,447100.0,INLAND
4863,4863,-118.27,34.03,51.0,1280.0,422.0,1560.0,381.0,1.7115,125000.0,<1H OCEAN
3203,3203,-119.64,36.35,23.0,3182.0,563.0,1525.0,585.0,3.8108,90400.0,INLAND
4925,4925,-118.24,34.0,43.0,863.0,206.0,788.0,187.0,0.9463,95000.0,<1H OCEAN
12056,12056,-117.58,33.87,42.0,765.0,171.0,590.0,177.0,1.6875,113500.0,INLAND
14602,14602,-117.16,32.8,37.0,422.0,79.0,211.0,80.0,3.0625,159700.0,NEAR OCEAN
16500,16500,-121.04,37.78,32.0,2916.0,528.0,1466.0,473.0,2.5643,200000.0,INLAND
9521,9521,-123.2,39.13,26.0,1474.0,417.0,1065.0,401.0,1.375,84400.0,<1H OCEAN
15444,15444,-117.26,33.19,2.0,2629.0,509.0,1044.0,522.0,4.2361,158500.0,NEAR OCEAN
17734,17734,-121.8,37.3,16.0,906.0,149.0,605.0,148.0,4.8173,235600.0,<1H OCEAN
9051,9051,-118.12,34.71,26.0,4230.0,823.0,2789.0,793.0,2.5179,104000.0,INLAND
1173,1173,-121.61,39.52,24.0,1610.0,324.0,909.0,323.0,1.8661,59800.0,INLAND
11932,11932,-117.4,33.94,30.0,1198.0,251.0,1019.0,214.0,3.0509,82700.0,INLAND
5696,5696,-118.26,34.24,35.0,1535.0,283.0,816.0,287.0,6.1873,312100.0,<1H OCEAN
5769,5769,-118.3,34.16,35.0,3213.0,874.0,2401.0,819.0,2.8342,256800.0,<1H OCEAN
15784,15784,-122.41,37.78,52.0,1014.0,422.0,1055.0,382.0,1.8519,32500.0,NEAR BAY
711,711,-122.08,37.68,26.0,2607.0,682.0,1401.0,607.0,2.6563,184100.0,NEAR BAY
18187,18187,-122.02,37.38,43.0,1261.0,317.0,836.0,333.0,4.0911,224600.0,<1H OCEAN
19233,19233,-122.66,38.47,20.0,2806.0,477.0,1369.0,460.0,4.75,190500.0,<1H OCEAN
1515,1515,-122.06,37.89,21.0,4985.0,1590.0,2575.0,1458.0,3.1002,114300.0,NEAR BAY
15119,15119,-116.93,32.85,15.0,3273.0,895.0,1872.0,842.0,2.5388,119000.0,<1H OCEAN
9000,9000,-118.34,34.0,49.0,2465.0,372.0,1018.0,359.0,4.0,296800.0,<1H OCEAN
7370,7370,-118.22,33.97,43.0,381.0,67.0,259.0,60.0,3.0313,166100.0,<1H OCEAN
15222,15222,-117.25,33.06,6.0,9859.0,1448.0,4194.0,1401.0,6.439,296200.0,NEAR OCEAN
3993,3993,-118.57,34.18,36.0,2981.0,441.0,1243.0,413.0,6.5304,439800.0,<1H OCEAN
11437,11437,-117.96,33.65,21.0,2030.0,318.0,910.0,311.0,7.8453,343300.0,<1H OCEAN
15874,15874,-122.4,37.75,52.0,1182.0,307.0,1029.0,306.0,2.0577,214600.0,NEAR BAY
17188,17188,-122.33,37.39,52.0,573.0,102.0,232.0,92.0,6.2263,500001.0,NEAR OCEAN
10309,10309,-117.74,33.89,4.0,37937.0,5471.0,16122.0,5189.0,7.4947,366300.0,<1H OCEAN
9491,9491,-123.19,39.21,22.0,1542.0,291.0,821.0,285.0,3.5917,118800.0,<1H OCEAN
20316,20316,-119.16,34.17,17.0,7982.0,1603.0,6437.0,1596.0,4.1279,223900.0,NEAR OCEAN
14558,14558,-117.22,32.95,4.0,18123.0,3173.0,7301.0,2964.0,6.357,322500.0,NEAR OCEAN
6814,6814,-118.07,34.1,32.0,4275.0,,2812.0,1012.0,3.3512,214100.0,<1H OCEAN
2044,2044,-119.67,36.72,31.0,843.0,140.0,453.0,149.0,2.6875,153800.0,INLAND
2329,2329,-119.73,36.81,19.0,1699.0,356.0,994.0,368.0,2.7778,79700.0,INLAND
1509,1509,-122.02,37.92,26.0,5077.0,640.0,1872.0,636.0,7.4713,351200.0,NEAR BAY
2102,2102,-119.77,36.74,50.0,1325.0,280.0,811.0,281.0,1.8667,62800.0,INLAND
19989,19989,-119.32,36.19,11.0,1281.0,291.0,861.0,313.0,1.0962,72300.0,INLAND
17175,17175,-122.47,37.5,18.0,2297.0,416.0,1086.0,381.0,4.875,334600.0,NEAR OCEAN
15566,15566,-117.05,33.1,13.0,5516.0,746.0,2119.0,662.0,6.1868,320200.0,<1H OCEAN
5885,5885,-118.34,34.16,46.0,1396.0,294.0,608.0,246.0,3.6919999999999997,244500.0,<1H OCEAN
3692,3692,-118.36,34.21,41.0,337.0,65.0,198.0,50.0,1.8929,152900.0,<1H OCEAN
201,201,-122.22,37.78,50.0,1920.0,530.0,1525.0,477.0,1.4886,128800.0,NEAR BAY
12560,12560,-121.46,38.54,48.0,1001.0,205.0,605.0,175.0,1.8333,58200.0,INLAND
20126,20126,-118.88,34.42,20.0,728.0,120.0,360.0,115.0,6.1244,375000.0,<1H OCEAN
5067,5067,-118.3,33.99,43.0,1534.0,384.0,1231.0,329.0,2.5437,94500.0,<1H OCEAN
4600,4600,-118.27,34.04,13.0,1784.0,,2158.0,682.0,1.7038,118100.0,<1H OCEAN
4353,4353,-118.38,34.1,39.0,3798.0,586.0,975.0,525.0,9.3092,500001.0,<1H OCEAN
4006,4006,-118.63,34.16,33.0,2896.0,455.0,1116.0,411.0,6.0192,347700.0,<1H OCEAN
3149,3149,-118.48,35.14,4.0,8417.0,1657.0,4631.0,1468.0,3.6949,115800.0,INLAND
5872,5872,-118.35,34.17,42.0,1604.0,326.0,814.0,329.0,4.4408,216000.0,<1H OCEAN
7754,7754,-118.12,33.91,34.0,682.0,132.0,491.0,144.0,4.6389,173800.0,<1H OCEAN
18827,18827,-122.26,41.66,17.0,1885.0,350.0,953.0,328.0,2.1607,61400.0,INLAND
12248,12248,-117.01,33.75,15.0,2873.0,903.0,1094.0,659.0,1.8015,105100.0,INLAND
11456,11456,-118.0,33.66,25.0,4041.0,903.0,1689.0,784.0,4.2289,442700.0,NEAR OCEAN
3378,3378,-118.29,34.25,8.0,5568.0,1514.0,3565.0,1374.0,3.0795,161500.0,<1H OCEAN
15814,15814,-122.42,37.76,52.0,4001.0,1084.0,2129.0,1037.0,3.5052,391200.0,NEAR BAY
7891,7891,-118.07,33.88,17.0,2407.0,539.0,1422.0,524.0,4.2619,139700.0,<1H OCEAN
20376,20376,-118.86,34.16,16.0,1509.0,216.0,578.0,235.0,10.2614,410800.0,<1H OCEAN
18839,18839,-122.73,41.76,19.0,2200.0,414.0,950.0,367.0,2.5357,94200.0,INLAND
18178,18178,-122.0,37.36,25.0,3534.0,949.0,1880.0,849.0,3.4238,337000.0,<1H OCEAN
16066,16066,-122.48,37.75,48.0,2555.0,548.0,1285.0,482.0,3.7734,314700.0,NEAR BAY
5486,5486,-118.46,33.98,27.0,2217.0,520.0,806.0,458.0,3.8935,500001.0,<1H OCEAN
4819,4819,-118.3,34.05,51.0,1005.0,314.0,1227.0,306.0,2.4297,162500.0,<1H OCEAN
3486,3486,-118.54,34.28,10.0,7665.0,999.0,3517.0,998.0,10.8805,500001.0,<1H OCEAN
10512,10512,-117.69,33.52,4.0,2142.0,625.0,1176.0,483.0,3.4455,325000.0,<1H OCEAN
6673,6673,-118.11,34.15,26.0,2193.0,558.0,1186.0,559.0,3.6474,184100.0,<1H OCEAN
15943,15943,-122.43,37.72,50.0,2912.0,562.0,1989.0,537.0,3.6667,252600.0,NEAR BAY
15395,15395,-117.11,33.23,13.0,5819.0,919.0,2228.0,866.0,4.9335,298100.0,<1H OCEAN
10919,10919,-117.86,33.74,34.0,2254.0,630.0,2984.0,625.0,2.5,162500.0,<1H OCEAN
2400,2400,-119.25,36.71,13.0,2813.0,579.0,1385.0,512.0,2.2202,100000.0,INLAND
14863,14863,-117.08,32.65,28.0,2296.0,603.0,1277.0,550.0,2.3562,123800.0,NEAR OCEAN
2769,2769,-115.98,33.32,8.0,240.0,46.0,63.0,24.0,1.4688,53800.0,INLAND
7621,7621,-118.25,33.87,18.0,6812.0,1263.0,3704.0,1216.0,4.25,169200.0,<1H OCEAN
10270,10270,-117.87,33.87,7.0,2663.0,642.0,1367.0,677.0,4.6563,162400.0,<1H OCEAN
13182,13182,-117.71,33.97,10.0,10856.0,2278.0,6474.0,2199.0,3.8510000000000004,137200.0,INLAND
10096,10096,-117.94,33.93,34.0,1475.0,319.0,698.0,293.0,3.8194,186000.0,<1H OCEAN
19821,19821,-119.45,36.48,38.0,402.0,86.0,311.0,87.0,3.1719,106300.0,INLAND
16016,16016,-122.46,37.73,52.0,3547.0,506.0,1276.0,491.0,8.0069,426800.0,NEAR BAY
1064,1064,-121.85,39.75,39.0,568.0,127.0,267.0,129.0,1.8095,78100.0,INLAND
10603,10603,-117.81,33.67,9.0,1567.0,299.0,675.0,294.0,5.2124,199600.0,<1H OCEAN
19949,19949,-119.37,36.21,35.0,2228.0,476.0,1567.0,449.0,1.4455,54100.0,INLAND
19554,19554,-120.99,37.62,37.0,2014.0,505.0,1787.0,515.0,1.5515,54100.0,INLAND
13797,13797,-117.4,34.58,18.0,755.0,169.0,483.0,165.0,1.4196,64700.0,INLAND
19005,19005,-121.93,38.31,25.0,185.0,32.0,85.0,32.0,4.875,250000.0,INLAND
12487,12487,-121.48,38.57,52.0,567.0,193.0,272.0,187.0,1.625,187500.0,INLAND
4230,4230,-118.29,34.11,48.0,1448.0,295.0,681.0,287.0,3.2333,436400.0,<1H OCEAN
6557,6557,-118.12,34.19,52.0,2405.0,299.0,970.0,319.0,8.7835,444100.0,INLAND
6011,6011,-117.77,34.06,27.0,2178.0,629.0,2379.0,591.0,1.9766,108000.0,INLAND
19285,19285,-122.75,38.43,36.0,1599.0,345.0,1086.0,314.0,2.6667,149100.0,<1H OCEAN
19207,19207,-122.72,38.46,35.0,1445.0,309.0,795.0,308.0,2.9073,157000.0,<1H OCEAN
4010,4010,-118.58,34.17,18.0,6476.0,1082.0,2413.0,958.0,5.6327,500001.0,<1H OCEAN
14470,14470,-117.27,32.84,26.0,3940.0,657.0,1180.0,600.0,6.1025,500001.0,NEAR OCEAN
11442,11442,-117.98,33.72,24.0,2826.0,547.0,1738.0,546.0,6.0494,240400.0,<1H OCEAN
14372,14372,-117.24,32.72,39.0,3089.0,431.0,1175.0,432.0,7.5925,466700.0,NEAR OCEAN
20466,20466,-118.75,34.27,24.0,3241.0,461.0,1567.0,446.0,5.5983,233300.0,<1H OCEAN
14397,14397,-117.25,32.75,36.0,1929.0,526.0,974.0,491.0,1.7622,205800.0,NEAR OCEAN
11168,11168,-117.99,33.82,33.0,2342.0,475.0,1367.0,509.0,4.1167,215500.0,<1H OCEAN
20557,20557,-121.78,38.68,43.0,3766.0,847.0,1855.0,817.0,2.3468,119400.0,INLAND
18967,18967,-122.03,38.25,35.0,1940.0,384.0,1177.0,403.0,3.1389,101100.0,INLAND
1135,1135,-121.64,39.74,20.0,1808.0,334.0,763.0,335.0,2.3711,121800.0,INLAND
